{
  "run_id": "baseline",
  "n": 10,
  "metrics": {
    "answer_correctness": {
      "mean": 0.5348635343478355,
      "min": 0.3365684151649475,
      "max": 0.6505343516667684,
      "n": 10
    },
    "answer_relevance": {
      "mean": 0.8109578251838684,
      "min": 0.6808605790138245,
      "max": 0.8748699426651001,
      "n": 10
    },
    "citation_grounding": {
      "mean": 0.9092091023921967,
      "min": 0.8636103868484497,
      "max": 0.9922366142272949,
      "n": 10
    },
    "context_precision": {
      "mean": 0.55,
      "min": 0.0,
      "max": 1.0,
      "n": 10
    },
    "context_recall": {
      "mean": 0.8541666666666667,
      "min": 0.375,
      "max": 1.0,
      "n": 10
    },
    "faithfulness": {
      "mean": 0.9117731869220733,
      "min": 0.8636103868484497,
      "max": 0.9922366142272949,
      "n": 10
    }
  }
}