{
  "run_id": "latest",
  "n": 10,
  "metrics": {
    "answer_correctness": {
      "mean": 0.42775097120891914,
      "min": 0.33386194705963135,
      "max": 0.6052028656005859,
      "n": 10
    },
    "answer_relevance": {
      "mean": 0.7863879799842834,
      "min": 0.697161078453064,
      "max": 0.8572694063186646,
      "n": 10
    },
    "citation_grounding": {
      "mean": 0.8680189430713654,
      "min": 0.7538058757781982,
      "max": 0.9870991110801697,
      "n": 10
    },
    "context_precision": {
      "mean": 0.55,
      "min": 0.0,
      "max": 1.0,
      "n": 10
    },
    "context_recall": {
      "mean": 0.8541666666666667,
      "min": 0.375,
      "max": 1.0,
      "n": 10
    },
    "faithfulness": {
      "mean": 0.8789595365524292,
      "min": 0.760219931602478,
      "max": 0.9870991110801697,
      "n": 10
    }
  }
}